"Channel","Programmes","Source","Tried"
"AU | FOX CRICKET","6","foxtel.com.au (FOX CRICKET)","foxtel.com.au=6, foxsports.com.au=0"
"AU | FOX SPORTS 502","15","foxtel.com.au (FOX LEAGUE)","foxtel.com.au=15, foxsports.com.au=0"
"AU | FOX SPORTS 503","7","foxtel.com.au (FOX SPORTS 503)","foxtel.com.au=7, foxsports.com.au=0"
"AU | FOX SPORTS 504","6","foxtel.com.au (Fox Footy)","foxtel.com.au=6, foxsports.com.au=0"
"AU | FOX SPORTS 505","11","foxtel.com.au (FOX SPORTS 505)","foxtel.com.au=11, foxsports.com.au=0"
"AU | FOX SPORTS 506","8","foxtel.com.au (FOX SPORTS 506)","foxtel.com.au=8, foxsports.com.au=0"
"AU | FOX SPORTS 507","6","foxtel.com.au (Fox Sports More)","foxtel.com.au=6, foxsports.com.au=0"
"AU | ESPN","11","foxtel.com.au (ESPN)","foxtel.com.au=11"
"AU | ESPN 2","8","foxtel.com.au (ESPN2)","foxtel.com.au=8"
"AU | SKY RACING 1","4","foxtel.com.au (SKY Racing)","foxtel.com.au=4"
"AU | SKY RACING 2","3","foxtel.com.au (SKY Racing 2)","foxtel.com.au=3"
"AU | RACING TV","49","ontvtonight.com (RACING.COM)","ontvtonight.com=49"
